comentario,balcon
Hermoso departamento con amplio balcón privado con vista al parque.,1
Apartamento con terraza perfecta para disfrutar del aire fresco.,1
Departamento con balcón que ofrece una vista panorámica increíble.,1
Espacioso departamento con acceso a un balcón techado.,1
Lindo apartamento con balcón ideal para desayunar al aire libre.,1
Moderno departamento con terraza y plantas decorativas.,1
Departamento con balcón y espacio para una pequeña parrilla.,1
Acogedor apartamento con un balcón con vista al atardecer.,1
Luminoso departamento con balcón y ventanales grandes.,1
Apartamento con balcón que da hacia una calle tranquila.,1
Departamento con terraza privada y muebles de exterior.,1
Espacioso apartamento con balcón ideal para eventos pequeños.,1
Departamento moderno con balcón y vista a la ciudad.,1
Apartamento con balcón estilo francés y jardineras colgantes.,1
Hermoso departamento con terraza y vista al río.,1
Apartamento con balcón perfecto para plantas y flores.,1
Cómodo departamento con terraza compartida para eventos.,1
Departamento con balcón cubierto y sillones para relajarse.,1
Apartamento con balcón que recibe sol toda la mañana.,1
"Departamento con terraza en un último piso, con vistas exclusivas.",1
Apartamento con balcón y baranda de vidrio.,1
Departamento con balcón alargado que rodea todo el espacio.,1
Apartamento con terraza decorada con luces para la noche.,1
Cómodo departamento con balcón amplio frente al jardín.,1
Departamento con terraza y jacuzzi exterior.,1
"Apartamento con un balcón pequeño, perfecto para una mesa.",1
Departamento con balcón con cortinas enrollables para privacidad.,1
Apartamento con balcón perfecto para una hamaca.,1
Departamento con terraza y parrilla de acero inoxidable.,1
"Apartamento con balcón integrado al living, con puertas corredizas.",1
Luminoso departamento con balcón al este y sol matinal.,1
Apartamento con balcón semicubierto y espacio para niños.,1
Departamento con balcón con vista al mar.,1
Apartamento con terraza amplia para reuniones sociales.,1
Departamento con balcón que incluye un jardín vertical.,1
Moderno apartamento con terraza y vistas despejadas.,1
Departamento con balcón perfecto para noches estrelladas.,1
Apartamento con balcón y maceteros de diseño moderno.,1
Departamento con terraza y espacio para una sombrilla.,1
Apartamento con balcón amplio ideal para mascotas.,1
"Departamento con terraza privada, incluye lavadero exterior.",1
Apartamento con balcón y sillones de ratán incluidos.,1
Departamento con balcón con acceso desde la cocina y el living.,1
Apartamento con terraza y una fuente decorativa pequeña.,1
Departamento con balcón que da hacia una zona arbolada.,1
Apartamento con balcón y sistema de iluminación nocturna.,1
Departamento con terraza y una pequeña huerta urbana.,1
Apartamento con balcón desde donde se ve toda la avenida.,1
"Departamento con balcón cerrado, ideal para una oficina exterior.",1
Departamento con balcón y espacio para una bicicleta.,1
Apartamento con balcón con vistas a una cancha de golf.,1
Departamento sin balcón pero con ventanales luminosos.,0
"Apartamento sin terraza, ideal para quienes prefieren interiores acogedores.",0
"Departamento sin balcón, pero cerca de un parque para paseos al aire libre.",0
"Apartamento sin espacio exterior, pero con un amplio living comedor.",0
"Departamento sin balcón, pero con una hermosa vista desde la ventana.",0
"Apartamento sin terraza, pero con acceso a una azotea compartida.",0
"Departamento sin balcón, ideal para quienes buscan privacidad total.",0
"Apartamento sin espacio exterior, pero con una cocina amplia y moderna.",0
"Departamento sin balcón, pero con ventanales que ofrecen buena iluminación.",0
"Apartamento sin terraza, pero con una ubicación privilegiada en la ciudad.",0
"Departamento sin balcón, pero a pasos de un gimnasio y piscina pública.",0
"Apartamento sin espacio exterior, pero con un diseño minimalista elegante.",0
"Departamento sin balcón, pero con un dormitorio amplio y cómodo.",0
"Apartamento sin terraza, pero con electrodomésticos incluidos.",0
"Departamento sin balcón, pero ubicado en un edificio con jardín compartido.",0
"Apartamento sin espacio exterior, pero cerca de cafeterías y tiendas.",0
"Departamento sin balcón, pero con ventanas aislantes de ruido.",0
"Apartamento sin terraza, pero con espacio para decoración interior.",0
"Departamento sin balcón, pero con una vista directa a la ciudad.",0
"Apartamento sin espacio exterior, pero con seguridad las 24 horas.",0
"Departamento sin balcón, pero a pocas cuadras de un centro comercial.",0
"Apartamento sin terraza, pero con transporte público a la puerta.",0
"Departamento sin balcón, pero con estacionamiento privado incluido.",0
"Apartamento sin espacio exterior, pero con una hermosa biblioteca interna.",0
"Departamento sin balcón, pero con calefacción central moderna.",0
"Apartamento sin terraza, pero con techos altos que amplían los espacios.",0
"Departamento sin balcón, pero con dos habitaciones amplias.",0
"Apartamento sin espacio exterior, pero con una excelente distribución interna.",0
"Departamento sin balcón, pero ubicado en un barrio muy tranquilo.",0
"Apartamento sin terraza, pero con un baño con hidromasaje.",0
"Departamento sin balcón, pero con pisos de madera natural.",0
"Apartamento sin espacio exterior, pero con un comedor con diseño moderno.",0
"Departamento sin balcón, pero con luz natural durante todo el día.",0
"Apartamento sin terraza, pero con un closet muy amplio.",0
"Departamento sin balcón, pero con cocina americana integrada al comedor.",0
"Apartamento sin espacio exterior, pero con lavandería dentro del edificio.",0
"Departamento sin balcón, pero con un diseño estilo industrial.",0
"Apartamento sin terraza, pero con aire acondicionado incluido.",0
"Departamento sin balcón, pero con una vista verde desde las ventanas.",0
"Apartamento sin espacio exterior, pero con acceso a un salón de usos múltiples.",0
"Departamento sin balcón, pero con una ubicación estratégica cerca de avenidas.",0
"Apartamento sin terraza, pero con piso flotante en todas las habitaciones.",0
"Departamento sin balcón, pero a pasos de un mercado local.",0
"Apartamento sin espacio exterior, pero con un recibidor elegante.",0
"Departamento sin balcón, pero con doble vidrio para control térmico.",0
"Apartamento sin terraza, pero con una cochera propia en el edificio.",0
"Departamento sin balcón, pero con un diseño vintage encantador.",0
"Apartamento sin espacio exterior, pero con acceso a una terraza comunitaria.",0
"Departamento sin balcón, pero con ventanas de aluminio con buen aislamiento.",0
"Apartamento sin terraza, pero con conexión rápida a internet por fibra óptica.",0
